image_file,time,truth,category,lower,estimate,upper
CamC_0463.jpg,2018-12-20 00:32:51,10,train,10,10,10
CamC_0464.jpg,2018-12-20 04:17:11,8,train,8,8,10
CamC_0465.jpg,2018-12-20 04:18:17,9,train,9,13,15
CamC_0466.jpg,2018-12-20 04:19:52,10,train,9,9,11
CamC_0467.jpg,2018-12-20 04:21:26,5,train,5,5,5
CamC_0468.jpg,2018-12-20 04:22:10,8,train,8,8,11
CamC_0469.jpg,2018-12-20 04:27:13,,new,8,9,9
CamC_0470.jpg,2018-12-20 04:37:14,,new,7,7,7
CamC_0471.jpg,2018-12-20 04:47:14,,new,7,7,7
CamC_0472.jpg,2018-12-20 04:57:15,,new,7,9,10
CamC_0473.jpg,2018-12-20 05:07:16,,new,7,7,8
CamC_0474.jpg,2018-12-20 05:17:17,,new,7,9,9
CamC_0475.jpg,2018-12-20 05:27:18,,new,7,7,8
CamC_0476.jpg,2018-12-20 05:37:19,,new,7,7,8
CamC_0477.jpg,2018-12-20 05:47:20,,new,9,9,10
CamC_0478.jpg,2018-12-20 05:57:21,,new,7,7,8
CamC_0479.jpg,2018-12-20 06:07:22,,new,7,7,9
CamC_0480.jpg,2018-12-20 06:17:23,,new,7,7,8
CamC_0481.jpg,2018-12-20 06:27:24,8,train,8,8,10
CamC_0482.jpg,2018-12-20 06:37:25,,new,8,8,9
CamC_0483.jpg,2018-12-20 06:47:26,,new,7,8,8
CamC_0484.jpg,2018-12-20 06:57:27,,new,9,9,11
CamC_0485.jpg,2018-12-20 07:07:28,,new,7,9,9
CamC_0486.jpg,2018-12-20 07:17:29,,new,8,8,10
CamC_0487.jpg,2018-12-20 07:27:30,,new,9,9,12
CamC_0488.jpg,2018-12-20 07:37:31,,new,9,9,12
CamC_0489.jpg,2018-12-20 07:47:32,,new,9,10,11
CamC_0490.jpg,2018-12-20 07:57:33,,new,9,10,13
CamC_0491.jpg,2018-12-20 08:07:34,,new,9,10,14
CamC_0492.jpg,2018-12-20 08:17:35,,new,9,11,11
CamC_0493.jpg,2018-12-20 08:27:36,,new,7,8,11
CamC_0494.jpg,2018-12-20 08:37:37,,new,8,8,11
CamC_0495.jpg,2018-12-20 08:47:38,,new,8,8,10
CamC_0496.jpg,2018-12-20 08:57:39,,new,8,10,10
CamC_0497.jpg,2018-12-20 09:07:40,,new,6,7,12
CamC_0498.jpg,2018-12-20 09:17:41,,new,7,9,12
CamC_0499.jpg,2018-12-20 09:27:42,,new,9,9,10
CamC_0500.jpg,2018-12-20 09:37:43,,new,8,9,11
CamC_0501.jpg,2018-12-20 09:47:44,,new,7,7,9
CamC_0502.jpg,2018-12-20 09:57:45,,new,5,5,7
CamC_0503.jpg,2018-12-20 10:07:46,,new,4,4,7
CamC_0504.jpg,2018-12-20 10:17:47,4,validate,4,4,4
CamC_0505.jpg,2018-12-20 10:27:48,,new,4,4,5
CamC_0506.jpg,2018-12-20 10:37:49,,new,3,3,7
CamC_0507.jpg,2018-12-20 10:47:50,3,train,3,3,4
CamC_0508.jpg,2018-12-20 10:57:51,,new,2,3,4
CamC_0509.jpg,2018-12-20 11:07:52,,new,2,4,5
CamC_0510.jpg,2018-12-20 11:17:53,,new,3,4,7
CamC_0511.jpg,2018-12-20 11:27:53,,new,5,5,7
CamC_0512.jpg,2018-12-20 11:37:54,,new,5,5,7
CamC_0513.jpg,2018-12-20 11:47:55,,new,4,4,4
CamC_0514.jpg,2018-12-20 11:57:56,,new,4,5,8
CamC_0515.jpg,2018-12-20 12:07:57,,new,4,4,8
CamC_0516.jpg,2018-12-20 12:17:58,,new,4,4,7
CamC_0517.jpg,2018-12-20 12:27:59,,new,4,4,5
CamC_0518.jpg,2018-12-20 12:38:00,,new,4,4,7
CamC_0519.jpg,2018-12-20 12:48:01,,new,4,5,8
CamC_0520.jpg,2018-12-20 12:58:02,,new,3,4,5
CamC_0521.jpg,2018-12-20 13:08:03,,new,3,4,5
CamC_0522.jpg,2018-12-20 13:18:04,,new,3,4,5
CamC_0523.jpg,2018-12-20 13:28:05,,new,3,4,4
CamC_0524.jpg,2018-12-20 13:38:06,,new,4,4,5
CamC_0525.jpg,2018-12-20 13:48:07,,new,4,4,5
CamC_0526.jpg,2018-12-20 13:58:08,,new,4,4,7
CamC_0527.jpg,2018-12-20 14:08:09,,new,4,4,9
CamC_0528.jpg,2018-12-20 14:18:10,,new,4,4,4
CamC_0529.jpg,2018-12-20 14:28:11,,new,4,4,7
CamC_0530.jpg,2018-12-20 14:38:12,,new,4,5,5
CamC_0531.jpg,2018-12-20 14:48:13,,new,3,4,4
CamC_0532.jpg,2018-12-20 14:58:14,,new,3,3,6
CamC_0533.jpg,2018-12-20 15:08:15,2,train,2,2,4
CamC_0534.jpg,2018-12-20 15:18:16,2,train,2,2,2
CamC_0535.jpg,2018-12-20 15:28:17,,new,1,2,2
CamC_0536.jpg,2018-12-20 15:38:18,,new,2,2,3
CamC_0537.jpg,2018-12-20 15:48:19,,new,1,1,3
CamC_0538.jpg,2018-12-20 15:58:20,,new,2,2,2
CamC_0539.jpg,2018-12-20 16:08:21,2,train,2,2,2
CamC_0540.jpg,2018-12-20 16:18:22,,new,1,2,5
CamC_0541.jpg,2018-12-20 16:28:23,,new,1,1,3
CamC_0542.jpg,2018-12-20 16:38:24,,new,3,3,4
CamC_0543.jpg,2018-12-20 16:48:25,,new,1,2,2
CamC_0544.jpg,2018-12-20 16:58:26,,new,1,2,2
CamC_0545.jpg,2018-12-20 17:08:27,,new,2,3,3
CamC_0546.jpg,2018-12-20 17:18:28,,new,2,3,5
CamC_0547.jpg,2018-12-20 17:28:29,,new,2,3,4
CamC_0548.jpg,2018-12-20 17:38:30,,new,1,3,4
CamC_0549.jpg,2018-12-20 17:48:30,,new,2,3,4
CamC_0550.jpg,2018-12-20 17:58:31,,new,1,2,3
CamC_0551.jpg,2018-12-20 18:08:32,,new,3,3,3
CamC_0552.jpg,2018-12-20 18:18:33,,new,1,3,4
CamC_0553.jpg,2018-12-20 18:28:34,,new,3,3,3
CamC_0554.jpg,2018-12-20 18:38:35,,new,2,3,5
CamC_0555.jpg,2018-12-20 18:48:36,,new,2,2,2
CamC_0556.jpg,2018-12-20 18:58:37,,new,2,2,2
CamC_0557.jpg,2018-12-20 19:08:38,,new,2,2,4
CamC_0558.jpg,2018-12-20 19:18:39,,new,2,2,2
CamC_0559.jpg,2018-12-20 19:28:40,,new,1,1,1
CamC_0560.jpg,2018-12-20 19:38:41,,new,1,1,1
CamC_0561.jpg,2018-12-20 19:48:42,,new,1,1,1
CamC_0562.jpg,2018-12-20 19:58:43,,new,1,1,2
CamC_0563.jpg,2018-12-20 20:08:44,,new,1,1,1
CamC_0564.jpg,2018-12-20 20:18:45,,new,1,1,1
CamC_0565.jpg,2018-12-20 20:28:46,,new,1,1,2
CamC_0566.jpg,2018-12-20 20:38:47,,new,1,1,3
CamC_0567.jpg,2018-12-20 20:48:48,,new,1,1,1
CamC_0568.jpg,2018-12-20 20:58:49,,new,1,1,1
CamC_0569.jpg,2018-12-20 21:08:50,,new,0,1,1
CamC_0570.jpg,2018-12-20 21:18:51,,new,1,2,3
CamC_0571.jpg,2018-12-20 21:28:52,,new,2,3,3
CamC_0572.jpg,2018-12-20 21:38:53,,new,3,4,4
CamC_0573.jpg,2018-12-20 21:48:54,,new,4,4,4
CamC_0574.jpg,2018-12-20 21:58:55,,new,4,4,4
CamC_0575.jpg,2018-12-20 22:08:56,,new,3,3,3
CamC_0576.jpg,2018-12-20 22:18:57,,new,3,3,3
CamC_0577.jpg,2018-12-20 22:28:58,,new,4,4,4
CamC_0578.jpg,2018-12-20 22:38:59,,new,4,4,4
CamC_0579.jpg,2018-12-20 22:49:00,,new,4,4,4
CamC_0580.jpg,2018-12-20 22:59:01,,new,5,5,5
CamC_0581.jpg,2018-12-20 23:09:02,,new,6,6,6
CamC_0582.jpg,2018-12-20 23:19:03,,new,7,7,8
CamC_0583.jpg,2018-12-20 23:29:04,,new,6,7,7
CamC_0584.jpg,2018-12-20 23:39:05,,new,7,7,9
CamC_0585.jpg,2018-12-20 23:49:06,,new,7,7,8
CamC_0586.jpg,2018-12-20 23:59:07,,new,7,7,7
CamC_0587.jpg,2018-12-21 00:09:07,,new,7,7,8
CamC_0588.jpg,2018-12-21 00:19:08,,new,7,7,8
CamC_0589.jpg,2018-12-21 00:29:09,,new,7,7,7
CamC_0590.jpg,2018-12-21 00:39:10,,new,7,7,7
CamC_0591.jpg,2018-12-21 00:49:11,,new,7,7,9
CamC_0592.jpg,2018-12-21 00:59:12,,new,7,7,9
CamC_0593.jpg,2018-12-21 01:09:13,,new,7,7,7
CamC_0594.jpg,2018-12-21 01:19:14,7,train,7,7,7
CamC_0595.jpg,2018-12-21 01:29:15,,new,7,7,7
CamC_0596.jpg,2018-12-21 01:39:16,,new,7,7,8
CamC_0597.jpg,2018-12-21 01:49:17,,new,7,7,9
CamC_0598.jpg,2018-12-21 01:59:18,,new,6,8,9
CamC_0599.jpg,2018-12-21 02:09:19,,new,6,7,8
CamC_0600.jpg,2018-12-21 02:19:20,,new,6,6,6
CamC_0601.jpg,2018-12-21 02:29:21,,new,6,6,7
CamC_0602.jpg,2018-12-21 02:39:22,6,train,6,6,7
CamC_0603.jpg,2018-12-21 02:49:23,,new,6,6,6
CamC_0604.jpg,2018-12-21 02:59:24,,new,4,6,7
CamC_0605.jpg,2018-12-21 03:09:25,,new,5,5,5
CamC_0606.jpg,2018-12-21 03:19:26,,new,5,5,6
CamC_0607.jpg,2018-12-21 03:29:27,,new,6,6,7
CamC_0608.jpg,2018-12-21 03:39:28,,new,6,6,6
CamC_0609.jpg,2018-12-21 03:49:29,,new,6,6,6
CamC_0610.jpg,2018-12-21 03:59:30,,new,6,6,7
CamC_0611.jpg,2018-12-21 04:09:31,,new,5,5,7
CamC_0612.jpg,2018-12-21 04:19:32,,new,5,5,5
CamC_0613.jpg,2018-12-21 04:29:33,,new,5,5,5
CamC_0614.jpg,2018-12-21 04:39:34,4,train,4,4,5
CamC_0615.jpg,2018-12-21 04:49:35,,new,3,4,5
CamC_0616.jpg,2018-12-21 04:59:36,,new,2,3,4
CamC_0617.jpg,2018-12-21 05:09:37,,new,3,3,4
CamC_0618.jpg,2018-12-21 05:19:38,,new,0,1,3
CamC_0619.jpg,2018-12-21 05:29:39,,new,1,2,2
CamC_0620.jpg,2018-12-21 05:39:40,,new,1,1,1
CamC_0621.jpg,2018-12-21 05:49:41,,new,0,3,6
CamC_0622.jpg,2018-12-21 05:59:42,,new,0,0,1
CamC_0623.jpg,2018-12-21 06:09:43,,new,0,0,1
CamC_0624.jpg,2018-12-21 06:19:44,,new,0,0,1
CamC_0625.jpg,2018-12-21 06:29:45,,new,0,0,1
CamC_0626.jpg,2018-12-21 06:39:46,,new,1,1,2
CamC_0627.jpg,2018-12-21 06:49:47,,new,0,0,0
CamC_0628.jpg,2018-12-21 06:59:47,,new,0,1,1
CamC_0629.jpg,2018-12-21 07:09:48,,new,1,1,3
CamC_0630.jpg,2018-12-21 07:19:49,,new,1,3,5
CamC_0631.jpg,2018-12-21 07:29:50,,new,1,1,1
CamC_0632.jpg,2018-12-21 07:39:51,,new,1,1,4
CamC_0633.jpg,2018-12-21 07:49:52,,new,1,1,3
CamC_0634.jpg,2018-12-21 07:59:53,,new,1,1,3
CamC_0635.jpg,2018-12-21 08:09:54,,new,2,2,2
CamC_0636.jpg,2018-12-21 08:19:55,,new,1,2,5
CamC_0637.jpg,2018-12-21 08:29:56,,new,2,2,5
CamC_0638.jpg,2018-12-21 08:39:57,,new,2,2,4
CamC_0639.jpg,2018-12-21 08:49:58,,new,2,3,5
CamC_0640.jpg,2018-12-21 08:59:59,,new,2,3,3
CamC_0641.jpg,2018-12-21 09:10:00,,new,2,2,5
CamC_0642.jpg,2018-12-21 09:20:01,,new,3,3,9
CamC_0643.jpg,2018-12-21 09:30:02,,new,4,5,10
CamC_0644.jpg,2018-12-21 09:40:03,,new,4,7,10
CamC_0645.jpg,2018-12-21 09:50:04,,new,4,5,9
CamC_0646.jpg,2018-12-21 10:00:05,,new,5,7,13
CamC_0647.jpg,2018-12-21 10:10:06,,new,3,4,7
CamC_0648.jpg,2018-12-21 10:20:07,,new,3,3,5
CamC_0649.jpg,2018-12-21 10:30:08,,new,3,4,8
CamC_0650.jpg,2018-12-21 10:40:09,,new,4,4,6
CamC_0651.jpg,2018-12-21 10:50:10,,new,4,4,5
CamC_0652.jpg,2018-12-21 11:00:11,,new,4,5,8
CamC_0653.jpg,2018-12-21 11:10:12,,new,4,6,9
CamC_0654.jpg,2018-12-21 11:20:13,,new,4,4,6
CamC_0655.jpg,2018-12-21 11:30:14,,new,4,4,5
CamC_0656.jpg,2018-12-21 11:40:15,,new,3,4,5
CamC_0657.jpg,2018-12-21 11:50:16,,new,4,4,5
CamC_0658.jpg,2018-12-21 12:00:17,,new,3,4,5
CamC_0659.jpg,2018-12-21 12:10:18,,new,4,4,4
CamC_0660.jpg,2018-12-21 12:20:19,,new,4,4,5
CamC_0661.jpg,2018-12-21 12:30:20,,new,5,6,9
CamC_0662.jpg,2018-12-21 12:40:21,,new,4,4,6
CamC_0663.jpg,2018-12-21 12:50:22,,new,4,4,4
CamC_0664.jpg,2018-12-21 13:00:23,,new,4,4,5
CamC_0665.jpg,2018-12-21 13:10:24,4,train,4,4,5
CamC_0666.jpg,2018-12-21 13:20:25,,new,4,4,8
CamC_0667.jpg,2018-12-21 13:30:26,4,train,3,4,11
CamC_0668.jpg,2018-12-21 13:40:27,,new,3,4,7
CamC_0669.jpg,2018-12-21 13:50:28,4,validate,1,3,4
CamC_0670.jpg,2018-12-21 14:00:28,,new,0,1,4
CamC_0671.jpg,2018-12-21 14:10:29,,new,1,1,5
CamC_0672.jpg,2018-12-21 14:20:30,,new,1,1,5
CamC_0673.jpg,2018-12-21 14:30:31,4,train,2,3,4
CamC_0674.jpg,2018-12-21 14:40:32,4,validate,4,6,6
CamC_0675.jpg,2018-12-21 14:50:33,4,train,6,6,7
CamC_0676.jpg,2018-12-21 15:00:34,6,validate,6,7,8
CamC_0677.jpg,2018-12-21 15:10:35,6,train,5,6,8
CamC_0678.jpg,2018-12-21 15:20:36,,new,5,6,12
CamC_0679.jpg,2018-12-21 15:30:37,,new,5,7,10
CamC_0680.jpg,2018-12-21 15:40:38,,new,5,7,10
CamC_0681.jpg,2018-12-21 15:50:39,,new,5,5,9
CamC_0682.jpg,2018-12-21 16:00:40,,new,6,6,7
CamC_0683.jpg,2018-12-21 16:10:41,,new,8,8,9
CamC_0684.jpg,2018-12-21 16:20:42,,new,8,8,8
CamC_0685.jpg,2018-12-21 16:30:43,,new,8,9,10
CamC_0686.jpg,2018-12-21 16:40:44,,new,8,9,10
CamC_0687.jpg,2018-12-21 16:50:45,,new,8,8,10
CamC_0688.jpg,2018-12-21 17:00:46,,new,9,9,12
CamC_0689.jpg,2018-12-21 17:10:47,,new,10,10,11
CamC_0690.jpg,2018-12-21 17:20:48,,new,10,10,11
CamC_0691.jpg,2018-12-21 17:30:49,,new,10,10,11
CamC_0692.jpg,2018-12-21 17:40:50,,new,10,10,11
CamC_0693.jpg,2018-12-21 17:50:51,,new,10,11,12
CamC_0694.jpg,2018-12-21 18:00:52,11,train,11,11,13
CamC_0695.jpg,2018-12-21 18:10:53,,new,12,12,12
CamC_0696.jpg,2018-12-21 18:20:54,,new,12,12,13
CamC_0697.jpg,2018-12-21 18:30:55,,new,12,13,15
CamC_0698.jpg,2018-12-21 18:40:56,,new,10,13,13
CamC_0699.jpg,2018-12-21 18:50:57,,new,13,13,14
CamC_0700.jpg,2018-12-21 19:00:58,,new,12,12,14
CamC_0701.jpg,2018-12-21 19:10:59,,new,11,13,15
CamC_0702.jpg,2018-12-21 19:21:00,,new,13,13,15
CamC_0703.jpg,2018-12-21 19:31:01,,new,11,13,15
CamC_0704.jpg,2018-12-21 19:41:02,,new,12,14,16
CamC_0705.jpg,2018-12-21 19:51:03,10,validate,13,14,16
CamC_0706.jpg,2018-12-21 20:01:04,,new,12,14,15
CamC_0707.jpg,2018-12-21 20:11:04,,new,11,13,15
CamC_0708.jpg,2018-12-21 20:21:05,,new,11,13,14
CamC_0709.jpg,2018-12-21 20:31:06,,new,10,14,16
CamC_0710.jpg,2018-12-21 20:41:07,,new,11,13,15
CamC_0711.jpg,2018-12-21 20:51:08,13,train,11,13,14
CamC_0712.jpg,2018-12-21 21:01:09,,new,11,12,15
CamC_0713.jpg,2018-12-21 21:11:10,,new,11,12,16
CamC_0714.jpg,2018-12-21 21:21:11,,new,13,14,16
CamC_0715.jpg,2018-12-21 21:31:12,,new,13,15,16
CamC_0716.jpg,2018-12-21 21:41:13,,new,14,15,17
CamC_0717.jpg,2018-12-21 21:51:14,,new,14,15,17
CamC_0718.jpg,2018-12-21 22:01:15,,new,14,15,18
CamC_0719.jpg,2018-12-21 22:11:16,,new,15,15,17
CamC_0720.jpg,2018-12-21 22:21:17,,new,15,15,15
CamC_0721.jpg,2018-12-21 22:31:18,,new,15,15,17
CamC_0722.jpg,2018-12-21 22:41:19,,new,15,15,18
CamC_0723.jpg,2018-12-21 22:51:20,,new,14,15,19
CamC_0724.jpg,2018-12-21 23:01:21,,new,13,14,18
CamC_0725.jpg,2018-12-21 23:11:22,14,validate,12,13,16
CamC_0726.jpg,2018-12-21 23:21:23,16,validate,15,15,17
CamC_0727.jpg,2018-12-21 23:31:24,,new,15,15,17
CamC_0728.jpg,2018-12-21 23:41:25,,new,14,15,16
CamC_0729.jpg,2018-12-21 23:51:26,17,validate,17,18,23
CamC_0730.jpg,2018-12-22 00:01:27,16,train,16,16,17
CamC_0731.jpg,2018-12-22 00:11:28,,new,16,16,17
CamC_0732.jpg,2018-12-22 00:21:29,,new,17,17,18
CamC_0733.jpg,2018-12-22 00:31:30,,new,15,16,16
CamC_0734.jpg,2018-12-22 00:41:31,,new,16,16,17
CamC_0735.jpg,2018-12-22 00:51:32,,new,14,14,15
CamC_0736.jpg,2018-12-22 01:01:33,15,train,15,15,15
CamC_0737.jpg,2018-12-22 01:11:34,,new,15,15,15
CamC_0738.jpg,2018-12-22 01:21:35,,new,15,15,15
CamC_0739.jpg,2018-12-22 01:31:36,14,train,14,14,16
CamC_0740.jpg,2018-12-22 01:41:37,,new,14,14,15
CamC_0741.jpg,2018-12-22 01:51:38,,new,10,14,16
CamC_0742.jpg,2018-12-22 02:01:39,,new,11,14,15
CamC_0743.jpg,2018-12-22 02:11:40,,new,14,14,19
CamC_0744.jpg,2018-12-22 02:21:41,,new,14,14,16
CamC_0745.jpg,2018-12-22 02:31:42,,new,16,18,19
CamC_0746.jpg,2018-12-22 02:41:43,,new,14,18,19
CamC_0747.jpg,2018-12-22 02:51:44,,new,14,15,17
CamC_0748.jpg,2018-12-22 03:01:44,,new,13,14,19
CamC_0749.jpg,2018-12-22 03:11:45,,new,13,14,15
CamC_0750.jpg,2018-12-22 03:21:46,,new,14,14,16
CamC_0751.jpg,2018-12-22 03:31:47,,new,15,16,17
CamC_0752.jpg,2018-12-22 03:38:55,,new,11,14,17
CamC_0753.jpg,2018-12-22 03:41:48,,new,16,18,21
CamC_0754.jpg,2018-12-22 03:51:49,,new,17,17,19
CamC_0755.jpg,2018-12-22 04:01:50,,new,14,14,14
CamC_0756.jpg,2018-12-22 04:11:51,,new,14,18,18
CamC_0757.jpg,2018-12-22 04:21:52,14,train,16,16,16
CamC_0758.jpg,2018-12-22 04:31:53,,new,13,13,13
CamC_0759.jpg,2018-12-22 04:41:54,,new,12,12,13
CamC_0760.jpg,2018-12-22 04:51:55,,new,12,12,12
CamC_0761.jpg,2018-12-22 05:01:56,,new,12,12,12
CamC_0762.jpg,2018-12-22 05:11:57,,new,12,12,12
CamC_0763.jpg,2018-12-22 05:21:58,,new,12,12,12
CamC_0764.jpg,2018-12-22 05:31:59,,new,12,12,12
CamC_0765.jpg,2018-12-22 05:42:00,,new,11,12,12
CamC_0766.jpg,2018-12-22 05:52:01,,new,12,14,15
CamC_0767.jpg,2018-12-22 06:02:02,,new,13,13,13
CamC_0768.jpg,2018-12-22 06:12:03,,new,11,13,13
CamC_0769.jpg,2018-12-22 06:22:04,,new,13,13,13
CamC_0770.jpg,2018-12-22 06:32:05,,new,13,13,14
CamC_0771.jpg,2018-12-22 06:42:06,,new,12,12,13
CamC_0772.jpg,2018-12-22 06:52:07,,new,10,11,14
CamC_0773.jpg,2018-12-22 07:02:08,,new,9,10,13
CamC_0774.jpg,2018-12-22 07:12:09,,new,10,10,13
CamC_0775.jpg,2018-12-22 07:22:10,,new,8,8,12
CamC_0776.jpg,2018-12-22 07:32:11,,new,9,10,16
CamC_0777.jpg,2018-12-22 07:42:12,,new,7,10,14
CamC_0778.jpg,2018-12-22 07:52:13,,new,8,10,15
CamC_0779.jpg,2018-12-22 08:02:14,,new,9,10,13
CamC_0780.jpg,2018-12-22 08:12:15,,new,8,10,14
CamC_0781.jpg,2018-12-22 08:22:16,,new,7,10,12
CamC_0782.jpg,2018-12-22 08:32:17,,new,11,12,13
CamC_0783.jpg,2018-12-22 08:42:18,,new,7,12,13
CamC_0784.jpg,2018-12-22 08:52:19,,new,5,9,11
CamC_0785.jpg,2018-12-22 09:02:20,,new,8,11,13
CamC_0786.jpg,2018-12-22 09:12:21,12,validate,6,11,14
CamC_0787.jpg,2018-12-22 09:22:22,,new,6,9,13
CamC_0788.jpg,2018-12-22 09:32:23,,new,5,7,10
CamC_0789.jpg,2018-12-22 09:42:24,,new,5,5,8
CamC_0790.jpg,2018-12-22 09:52:25,,new,5,5,8
CamC_0791.jpg,2018-12-22 10:02:26,,new,4,4,6
CamC_0792.jpg,2018-12-22 10:12:27,5,train,4,5,7
CamC_0793.jpg,2018-12-22 10:22:27,,new,5,5,6
CamC_0794.jpg,2018-12-22 10:32:28,,new,5,5,5
CamC_0795.jpg,2018-12-22 10:42:29,,new,6,6,7
CamC_0796.jpg,2018-12-22 10:52:30,,new,6,7,7
CamC_0797.jpg,2018-12-22 11:02:31,,new,6,7,8
CamC_0798.jpg,2018-12-22 11:12:32,,new,6,7,9
CamC_0799.jpg,2018-12-22 11:22:33,,new,6,7,7
CamC_0800.jpg,2018-12-22 11:32:34,,new,7,8,8
CamC_0801.jpg,2018-12-22 11:42:35,,new,7,7,8
CamC_0802.jpg,2018-12-22 11:52:36,,new,7,8,10
CamC_0803.jpg,2018-12-22 12:02:37,,new,8,8,10
CamC_0804.jpg,2018-12-22 12:12:38,,new,6,7,7
CamC_0805.jpg,2018-12-22 12:22:39,8,train,7,8,8
CamC_0806.jpg,2018-12-22 12:32:40,,new,8,8,8
CamC_0807.jpg,2018-12-22 12:42:41,,new,7,8,9
CamC_0808.jpg,2018-12-22 12:52:42,,new,7,7,8
CamC_0809.jpg,2018-12-22 13:02:43,,new,7,8,8
CamC_0810.jpg,2018-12-22 13:12:44,,new,9,9,10
CamC_0811.jpg,2018-12-22 13:22:45,7,train,7,7,7
CamC_0812.jpg,2018-12-22 13:32:46,,new,7,7,7
CamC_0813.jpg,2018-12-22 13:42:47,,new,6,7,8
CamC_0814.jpg,2018-12-22 13:52:48,,new,6,7,7
CamC_0815.jpg,2018-12-22 14:02:49,,new,7,7,11
CamC_0816.jpg,2018-12-22 14:12:50,,new,6,7,7
CamC_0817.jpg,2018-12-22 14:22:51,,new,6,6,8
CamC_0818.jpg,2018-12-22 14:32:52,,new,5,6,7
CamC_0819.jpg,2018-12-22 14:42:53,,new,7,8,9
CamC_0820.jpg,2018-12-22 14:52:54,,new,7,8,9
CamC_0821.jpg,2018-12-22 15:02:55,,new,8,9,9
CamC_0822.jpg,2018-12-22 15:12:56,,new,7,8,12
CamC_0823.jpg,2018-12-22 15:22:57,,new,7,8,9
CamC_0824.jpg,2018-12-22 15:32:58,,new,6,7,10
CamC_0825.jpg,2018-12-22 15:42:59,,new,5,6,11
CamC_0826.jpg,2018-12-22 15:53:00,,new,6,7,9
CamC_0827.jpg,2018-12-22 16:03:01,,new,6,7,9
CamC_0828.jpg,2018-12-22 16:13:02,,new,8,8,8
CamC_0829.jpg,2018-12-22 16:23:03,,new,8,11,13
CamC_0830.jpg,2018-12-22 16:33:04,,new,8,8,8
CamC_0831.jpg,2018-12-22 16:43:05,8,train,8,9,9
CamC_0832.jpg,2018-12-22 16:53:06,,new,7,8,8
CamC_0833.jpg,2018-12-22 17:03:07,,new,7,8,8
CamC_0834.jpg,2018-12-22 17:13:08,,new,8,8,8
CamC_0835.jpg,2018-12-22 17:23:08,,new,7,8,9
CamC_0836.jpg,2018-12-22 17:33:09,9,validate,8,9,11
CamC_0837.jpg,2018-12-22 17:43:10,,new,8,9,9
CamC_0838.jpg,2018-12-22 17:53:11,,new,8,8,9
CamC_0839.jpg,2018-12-22 18:03:12,,new,7,7,7
CamC_0840.jpg,2018-12-22 18:13:13,,new,7,7,7
CamC_0841.jpg,2018-12-22 18:23:14,,new,8,8,8
CamC_0842.jpg,2018-12-22 18:33:15,,new,7,8,8
CamC_0843.jpg,2018-12-22 18:43:16,,new,8,10,11
CamC_0844.jpg,2018-12-22 18:53:17,,new,9,10,11
CamC_0845.jpg,2018-12-22 19:03:18,,new,10,10,10
CamC_0846.jpg,2018-12-22 19:13:19,,new,10,10,10
CamC_0847.jpg,2018-12-22 19:23:20,,new,10,10,10
CamC_0848.jpg,2018-12-22 19:33:21,,new,11,11,12
CamC_0849.jpg,2018-12-22 19:43:22,,new,11,11,12
CamC_0850.jpg,2018-12-22 19:53:23,,new,11,11,11
CamC_0851.jpg,2018-12-22 20:03:24,,new,11,11,12
CamC_0852.jpg,2018-12-22 20:13:25,,new,12,12,13
CamC_0853.jpg,2018-12-22 20:23:26,,new,12,12,12
CamC_0854.jpg,2018-12-22 20:33:27,,new,11,12,12
CamC_0855.jpg,2018-12-22 20:43:28,,new,8,11,12
CamC_0856.jpg,2018-12-22 20:53:29,,new,10,11,12
CamC_0857.jpg,2018-12-22 21:03:30,,new,10,12,14
CamC_0858.jpg,2018-12-22 21:13:31,,new,12,14,14
CamC_0859.jpg,2018-12-22 21:23:32,,new,12,14,17
CamC_0860.jpg,2018-12-22 21:33:33,,new,11,14,16
CamC_0861.jpg,2018-12-22 21:43:34,,new,13,14,16
CamC_0862.jpg,2018-12-22 21:53:35,14,train,17,20,23
CamC_0863.jpg,2018-12-22 22:03:36,,new,12,14,17
CamC_0864.jpg,2018-12-22 22:13:37,,new,13,13,15
CamC_0865.jpg,2018-12-22 22:23:38,,new,12,12,13
CamC_0866.jpg,2018-12-22 22:33:39,,new,13,14,16
CamC_0867.jpg,2018-12-22 22:43:40,,new,12,14,14
CamC_0868.jpg,2018-12-22 22:53:41,,new,12,12,14
CamC_0869.jpg,2018-12-22 23:03:42,,new,11,12,14
CamC_0870.jpg,2018-12-22 23:13:43,,new,12,14,20
CamC_0871.jpg,2018-12-22 23:23:44,,new,12,14,16
CamC_0872.jpg,2018-12-22 23:33:45,,new,12,14,17
CamC_0873.jpg,2018-12-22 23:43:46,,new,11,14,14
CamC_0874.jpg,2018-12-22 23:53:47,,new,12,15,18
CamC_0875.jpg,2018-12-23 00:03:47,,new,15,15,19
CamC_0876.jpg,2018-12-23 00:13:48,,new,14,15,21
CamC_0877.jpg,2018-12-23 00:23:49,,new,15,15,20
CamC_0878.jpg,2018-12-23 00:33:50,,new,13,13,20
CamC_0879.jpg,2018-12-23 00:43:51,,new,11,12,18
CamC_0880.jpg,2018-12-23 00:53:52,13,train,11,14,18
CamC_0881.jpg,2018-12-23 01:03:53,12,train,12,12,15
CamC_0882.jpg,2018-12-23 01:13:54,,new,12,12,14
CamC_0883.jpg,2018-12-23 01:23:55,11,train,10,11,14
CamC_0884.jpg,2018-12-23 01:33:56,,new,10,11,12
CamC_0885.jpg,2018-12-23 01:43:57,,new,13,13,15
CamC_0886.jpg,2018-12-23 01:53:58,,new,13,16,21
CamC_0887.jpg,2018-12-23 02:03:59,,new,11,13,14
CamC_0888.jpg,2018-12-23 02:14:00,,new,14,15,17
CamC_0889.jpg,2018-12-23 02:24:01,,new,13,15,19
CamC_0890.jpg,2018-12-23 02:34:02,,new,13,14,16
CamC_0891.jpg,2018-12-23 02:44:03,14,validate,10,15,20
CamC_0892.jpg,2018-12-23 02:54:04,,new,12,16,16
CamC_0893.jpg,2018-12-23 03:04:05,,new,12,15,18
CamC_0894.jpg,2018-12-23 03:14:06,,new,14,14,18
CamC_0895.jpg,2018-12-23 03:24:07,,new,12,14,16
CamC_0896.jpg,2018-12-23 03:34:08,,new,12,15,19
CamC_0897.jpg,2018-12-23 03:44:09,,new,12,14,17
CamC_0898.jpg,2018-12-23 03:54:10,,new,13,14,17
CamC_0899.jpg,2018-12-23 04:04:11,,new,12,15,19
CamC_0900.jpg,2018-12-23 04:14:12,,new,11,15,17
CamC_0901.jpg,2018-12-23 04:24:13,,new,12,15,18
CamC_0902.jpg,2018-12-23 04:34:14,,new,12,15,19
CamC_0903.jpg,2018-12-23 04:44:15,,new,11,15,16
CamC_0904.jpg,2018-12-23 04:54:16,,new,12,13,16
CamC_0905.jpg,2018-12-23 05:04:17,,new,13,14,15
CamC_0906.jpg,2018-12-23 05:14:18,,new,14,15,16
CamC_0907.jpg,2018-12-23 05:24:19,,new,16,17,20
CamC_0908.jpg,2018-12-23 05:34:20,17,train,16,17,20
CamC_0909.jpg,2018-12-23 05:44:21,,new,17,17,17
CamC_0910.jpg,2018-12-23 05:54:22,,new,13,15,17
CamC_0911.jpg,2018-12-23 06:04:23,,new,16,18,19
CamC_0912.jpg,2018-12-23 06:14:24,,new,15,18,20
CamC_0913.jpg,2018-12-23 06:24:25,17,train,17,17,17
CamC_0914.jpg,2018-12-23 06:34:25,,new,17,18,18
CamC_0915.jpg,2018-12-23 06:44:26,,new,14,16,18
CamC_0916.jpg,2018-12-23 06:54:27,,new,13,16,19
CamC_0917.jpg,2018-12-23 07:04:28,14,train,13,14,17
CamC_0918.jpg,2018-12-23 07:14:29,,new,11,14,17
CamC_0919.jpg,2018-12-23 07:24:30,,new,12,15,15
CamC_0920.jpg,2018-12-23 07:34:31,,new,8,9,12
CamC_0921.jpg,2018-12-23 07:44:32,,new,10,11,12
CamC_0922.jpg,2018-12-23 07:54:33,9,train,9,9,11
CamC_0923.jpg,2018-12-23 08:04:34,,new,9,10,10
CamC_0924.jpg,2018-12-23 08:14:35,,new,10,10,10
CamC_0925.jpg,2018-12-23 08:24:36,,new,10,10,10
CamC_0926.jpg,2018-12-23 08:34:37,,new,10,10,10
CamC_0927.jpg,2018-12-23 08:44:38,,new,9,9,9
CamC_0928.jpg,2018-12-23 08:54:39,,new,8,8,8
CamC_0929.jpg,2018-12-23 09:04:40,,new,8,8,8
CamC_0930.jpg,2018-12-23 09:14:41,,new,8,8,9
CamC_0931.jpg,2018-12-23 09:24:42,7,train,7,7,7
CamC_0932.jpg,2018-12-23 09:34:43,,new,7,7,7
CamC_0933.jpg,2018-12-23 09:44:44,,new,7,7,7
CamC_0934.jpg,2018-12-23 09:54:45,,new,7,7,7
CamC_0935.jpg,2018-12-23 10:04:46,,new,7,8,10
CamC_0936.jpg,2018-12-23 10:14:47,,new,7,8,9
CamC_0937.jpg,2018-12-23 10:24:48,,new,6,7,8
CamC_0938.jpg,2018-12-23 10:34:49,,new,6,6,6
CamC_0939.jpg,2018-12-23 10:44:50,,new,6,6,7
CamC_0940.jpg,2018-12-23 10:54:51,,new,6,6,7
CamC_0941.jpg,2018-12-23 11:04:52,,new,6,6,7
CamC_0942.jpg,2018-12-23 11:14:53,,new,4,6,9
CamC_0943.jpg,2018-12-23 11:24:54,,new,5,7,8
CamC_0944.jpg,2018-12-23 11:34:55,,new,7,7,7
CamC_0945.jpg,2018-12-23 11:44:56,,new,6,6,6
CamC_0946.jpg,2018-12-23 11:54:57,,new,7,7,8
CamC_0947.jpg,2018-12-23 12:04:58,,new,5,6,9
CamC_0948.jpg,2018-12-23 12:14:59,,new,5,7,7
CamC_0949.jpg,2018-12-23 12:25:00,,new,5,5,6
CamC_0950.jpg,2018-12-23 12:35:01,,new,6,6,9
CamC_0951.jpg,2018-12-23 12:45:02,,new,6,8,11
CamC_0952.jpg,2018-12-23 12:55:03,,new,6,6,8
CamC_0953.jpg,2018-12-23 13:05:04,,new,7,7,9
CamC_0954.jpg,2018-12-23 13:15:05,,new,7,7,8
CamC_0955.jpg,2018-12-23 13:25:06,,new,7,7,8
CamC_0956.jpg,2018-12-23 13:35:06,7,validate,6,6,8
CamC_0957.jpg,2018-12-23 13:45:07,,new,7,7,9
CamC_0958.jpg,2018-12-23 13:55:08,,new,7,7,9
CamC_0959.jpg,2018-12-23 14:05:09,,new,7,7,8
CamC_0960.jpg,2018-12-23 14:15:10,,new,6,6,6
CamC_0961.jpg,2018-12-23 14:25:11,,new,6,6,8
CamC_0962.jpg,2018-12-23 14:35:12,,new,7,7,7
CamC_0963.jpg,2018-12-23 14:45:13,,new,7,7,7
CamC_0964.jpg,2018-12-23 14:55:14,,new,6,6,6
CamC_0965.jpg,2018-12-23 15:05:15,,new,6,6,6
CamC_0966.jpg,2018-12-23 15:15:16,,new,6,6,6
CamC_0967.jpg,2018-12-23 15:25:17,,new,6,6,9
CamC_0968.jpg,2018-12-23 15:35:18,,new,6,7,7
CamC_0969.jpg,2018-12-23 15:45:19,,new,7,9,13
CamC_0970.jpg,2018-12-23 15:55:20,,new,7,7,9
CamC_0971.jpg,2018-12-23 16:05:21,,new,9,9,12
CamC_0972.jpg,2018-12-23 16:15:22,5,train,5,5,5
CamC_0973.jpg,2018-12-23 16:25:23,,new,5,5,5
CamC_0974.jpg,2018-12-23 16:35:24,5,validate,5,5,5
CamC_0975.jpg,2018-12-23 16:45:25,,new,5,5,5
CamC_0976.jpg,2018-12-23 16:55:26,,new,5,5,5
CamC_0977.jpg,2018-12-23 17:05:27,,new,5,5,5
CamC_0978.jpg,2018-12-23 17:15:28,,new,5,5,6
CamC_0979.jpg,2018-12-23 17:25:29,,new,5,5,6
CamC_0980.jpg,2018-12-23 17:35:30,,new,5,5,5
CamC_0981.jpg,2018-12-23 17:45:31,,new,5,5,5
CamC_0982.jpg,2018-12-23 17:55:32,,new,4,4,5
CamC_0983.jpg,2018-12-23 18:05:33,,new,4,4,4
CamC_0984.jpg,2018-12-23 18:15:34,,new,4,4,4
CamC_0985.jpg,2018-12-23 18:25:35,,new,3,3,6
CamC_0986.jpg,2018-12-23 18:35:36,,new,3,4,4
CamC_0987.jpg,2018-12-23 18:45:37,,new,3,3,4
CamC_0988.jpg,2018-12-23 18:55:38,,new,3,4,4
CamC_0989.jpg,2018-12-23 19:05:39,,new,6,6,6
CamC_0990.jpg,2018-12-23 19:15:40,,new,5,5,5
CamC_0991.jpg,2018-12-23 19:25:41,,new,5,5,5
CamC_0992.jpg,2018-12-23 19:35:42,,new,5,5,5
CamC_0993.jpg,2018-12-23 19:45:43,,new,4,4,6
CamC_0994.jpg,2018-12-23 19:55:44,,new,6,7,7
CamC_0995.jpg,2018-12-23 20:05:45,,new,6,6,7
CamC_0996.jpg,2018-12-23 20:15:46,,new,6,7,8
CamC_0997.jpg,2018-12-23 20:25:47,,new,6,6,9
CamC_0998.jpg,2018-12-23 20:35:47,,new,6,7,8
CamC_0999.jpg,2018-12-23 20:45:48,,new,7,7,10
CamC_1000.jpg,2018-12-23 20:55:49,,new,7,7,8
CamC_1001.jpg,2018-12-23 21:05:50,,new,7,7,8
CamC_1002.jpg,2018-12-23 21:15:51,,new,8,9,9
CamC_1003.jpg,2018-12-23 21:25:52,,new,9,11,11
CamC_1004.jpg,2018-12-23 21:35:53,,new,11,12,12
CamC_1005.jpg,2018-12-23 21:45:54,,new,13,14,15
CamC_1006.jpg,2018-12-23 21:55:55,,new,9,12,13
CamC_1007.jpg,2018-12-23 22:05:56,,new,12,13,14
CamC_1008.jpg,2018-12-23 22:15:57,,new,9,14,15
CamC_1009.jpg,2018-12-23 22:25:58,,new,12,15,15
CamC_1010.jpg,2018-12-23 22:35:59,15,train,12,14,15
CamC_1011.jpg,2018-12-23 22:46:00,,new,12,15,15
CamC_1012.jpg,2018-12-23 22:56:01,,new,13,17,17
CamC_1013.jpg,2018-12-23 23:06:02,,new,10,15,17
CamC_1014.jpg,2018-12-23 23:16:03,,new,12,15,16
CamC_1015.jpg,2018-12-23 23:26:04,,new,13,16,16
CamC_1016.jpg,2018-12-23 23:36:05,,new,14,15,16
CamC_1017.jpg,2018-12-23 23:46:06,,new,14,15,18
CamC_1018.jpg,2018-12-23 23:56:07,,new,13,15,17
CamC_1019.jpg,2018-12-24 00:06:08,15,train,15,15,17
CamC_1020.jpg,2018-12-24 00:16:09,,new,15,15,16
CamC_1021.jpg,2018-12-24 00:26:10,,new,14,15,15
CamC_1022.jpg,2018-12-24 00:36:11,,new,15,16,16
CamC_1023.jpg,2018-12-24 00:46:12,,new,16,16,16
CamC_1024.jpg,2018-12-24 00:56:13,,new,15,16,17
CamC_1025.jpg,2018-12-24 01:06:14,,new,14,16,17
CamC_1026.jpg,2018-12-24 01:16:15,,new,15,16,16
CamC_1027.jpg,2018-12-24 01:26:16,,new,16,17,17
CamC_1028.jpg,2018-12-24 01:36:17,,new,17,17,18
CamC_1029.jpg,2018-12-24 01:46:18,,new,17,17,17
CamC_1030.jpg,2018-12-24 01:56:19,,new,16,18,18
CamC_1031.jpg,2018-12-24 02:06:20,,new,16,18,18
CamC_1032.jpg,2018-12-24 02:16:21,,new,15,17,17
CamC_1033.jpg,2018-12-24 02:26:22,,new,14,17,18
CamC_1034.jpg,2018-12-24 02:36:23,,new,14,16,16
CamC_1035.jpg,2018-12-24 02:46:24,,new,15,16,16
CamC_1036.jpg,2018-12-24 02:56:25,,new,16,17,17
CamC_1037.jpg,2018-12-24 03:06:26,,new,16,18,18
CamC_1038.jpg,2018-12-24 03:16:27,,new,17,20,20
CamC_1039.jpg,2018-12-24 03:26:27,,new,20,22,23
CamC_1040.jpg,2018-12-24 03:36:28,,new,19,21,22
CamC_1041.jpg,2018-12-24 03:46:29,,new,19,22,23
CamC_1042.jpg,2018-12-24 03:56:30,,new,19,21,22
CamC_1043.jpg,2018-12-24 04:06:31,,new,18,20,21
CamC_1044.jpg,2018-12-24 04:16:32,,new,20,20,21
CamC_1045.jpg,2018-12-24 04:26:33,,new,19,20,21
CamC_1046.jpg,2018-12-24 04:36:34,,new,19,19,22
CamC_1047.jpg,2018-12-24 04:46:35,,new,17,19,23
CamC_1048.jpg,2018-12-24 04:56:36,,new,20,20,20
CamC_1049.jpg,2018-12-24 05:06:37,,new,20,21,22
CamC_1050.jpg,2018-12-24 05:16:38,,new,17,20,20
CamC_1051.jpg,2018-12-24 05:26:39,,new,18,20,20
CamC_1052.jpg,2018-12-24 05:36:40,,new,18,21,22
CamC_1053.jpg,2018-12-24 05:46:41,,new,20,21,21
CamC_1054.jpg,2018-12-24 05:56:42,,new,21,21,23
CamC_1055.jpg,2018-12-24 06:06:43,21,train,19,21,24
CamC_1056.jpg,2018-12-24 06:16:44,,new,20,21,22
CamC_1057.jpg,2018-12-24 06:26:45,20,train,20,20,21
CamC_1058.jpg,2018-12-24 06:36:46,20,validate,19,20,20
CamC_1059.jpg,2018-12-24 06:46:47,20,train,16,20,21
CamC_1060.jpg,2018-12-24 06:56:48,0,discard,0,0,3
CamC_1061.jpg,2018-12-24 07:06:49,0,discard,0,0,0
CamC_1062.jpg,2018-12-24 07:16:50,0,discard,0,0,0
CamC_1063.jpg,2018-12-24 07:26:51,0,discard,0,0,6
CamC_1064.jpg,2018-12-24 07:36:52,3,discard,3,6,8
CamC_1065.jpg,2018-12-24 07:46:53,0,discard,0,0,0
CamC_1066.jpg,2018-12-24 07:56:54,12,validate,9,10,12
CamC_1067.jpg,2018-12-24 08:06:55,,new,6,10,14
CamC_1068.jpg,2018-12-24 08:16:56,,new,9,10,11
CamC_1069.jpg,2018-12-24 08:26:57,,new,10,11,12
CamC_1070.jpg,2018-12-24 08:36:58,,new,9,11,13
CamC_1071.jpg,2018-12-24 08:46:59,,new,9,11,11
CamC_1072.jpg,2018-12-24 08:57:00,,new,8,11,11
CamC_1073.jpg,2018-12-24 09:07:01,,new,10,10,11
CamC_1074.jpg,2018-12-24 09:17:02,,new,9,11,11
CamC_1075.jpg,2018-12-24 09:27:03,,new,8,11,11
CamC_1076.jpg,2018-12-24 09:37:04,9,validate,9,10,12
CamC_1077.jpg,2018-12-24 09:47:05,,new,8,10,11
CamC_1078.jpg,2018-12-24 09:57:06,,new,10,10,10
CamC_1079.jpg,2018-12-24 10:07:07,,new,9,11,12
CamC_1080.jpg,2018-12-24 10:17:08,,new,9,10,13
CamC_1081.jpg,2018-12-24 10:27:08,,new,8,10,11
CamC_1082.jpg,2018-12-24 10:37:09,,new,9,9,10
CamC_1083.jpg,2018-12-24 10:47:10,,new,7,9,11
CamC_1084.jpg,2018-12-24 10:57:11,,new,9,9,10
CamC_1085.jpg,2018-12-24 11:07:12,,new,8,9,12
CamC_1086.jpg,2018-12-24 11:17:13,,new,8,9,9
CamC_1087.jpg,2018-12-24 11:27:14,,new,9,10,11
CamC_1088.jpg,2018-12-24 11:37:15,,new,7,9,9
CamC_1089.jpg,2018-12-24 11:47:16,,new,8,9,9
CamC_1090.jpg,2018-12-24 11:57:17,,new,10,10,11
CamC_1091.jpg,2018-12-24 12:07:18,,new,11,11,12
CamC_1092.jpg,2018-12-24 12:17:19,,new,11,11,15
CamC_1093.jpg,2018-12-24 12:27:20,9,train,10,10,10
CamC_1094.jpg,2018-12-24 12:37:21,10,train,10,10,11
CamC_1095.jpg,2018-12-24 12:47:22,,new,12,12,13
CamC_1096.jpg,2018-12-24 12:57:23,,new,12,12,16
CamC_1097.jpg,2018-12-24 13:07:24,,new,13,13,15
CamC_1098.jpg,2018-12-24 13:17:25,15,train,13,16,18
CamC_1099.jpg,2018-12-24 13:27:26,,new,13,16,17
CamC_1100.jpg,2018-12-24 13:37:27,,new,17,17,17
CamC_1101.jpg,2018-12-24 13:47:28,,new,15,16,16
CamC_1102.jpg,2018-12-24 13:57:29,16,train,15,16,16
CamC_1103.jpg,2018-12-24 14:07:30,,new,19,20,21
CamC_1104.jpg,2018-12-24 14:17:31,,new,18,18,19
CamC_1105.jpg,2018-12-24 14:27:32,,new,17,18,18
CamC_1106.jpg,2018-12-24 14:37:33,,new,17,18,18
CamC_1107.jpg,2018-12-24 14:47:34,,new,17,18,19
CamC_1108.jpg,2018-12-24 14:57:35,,new,15,17,20
CamC_1109.jpg,2018-12-24 15:07:36,,new,18,20,22
CamC_1110.jpg,2018-12-24 15:17:37,,new,20,21,22
CamC_1111.jpg,2018-12-24 15:27:38,,new,22,24,24
CamC_1112.jpg,2018-12-24 15:37:39,,new,22,23,25
CamC_1113.jpg,2018-12-24 15:47:40,,new,22,24,29
CamC_1114.jpg,2018-12-24 15:57:41,,new,24,26,29
CamC_1115.jpg,2018-12-24 16:07:42,,new,25,28,30
CamC_1116.jpg,2018-12-24 16:17:43,,new,26,30,31
CamC_1117.jpg,2018-12-24 16:27:44,,new,24,29,33
CamC_1118.jpg,2018-12-24 16:37:45,,new,27,29,31
CamC_1119.jpg,2018-12-24 16:47:46,,new,28,32,32
CamC_1120.jpg,2018-12-24 16:57:47,,new,29,30,33
CamC_1121.jpg,2018-12-24 17:07:48,,new,28,29,31
CamC_1122.jpg,2018-12-24 17:17:49,29,train,27,29,30
CamC_1123.jpg,2018-12-24 17:27:50,,new,29,30,33
CamC_1124.jpg,2018-12-24 17:37:50,30,train,26,31,34
CamC_1125.jpg,2018-12-24 17:47:51,32,train,28,32,34
CamC_1126.jpg,2018-12-24 17:57:52,,new,26,33,34
CamC_1127.jpg,2018-12-24 18:07:53,34,train,26,34,35
CamC_1128.jpg,2018-12-24 18:17:54,,new,28,33,34
CamC_1129.jpg,2018-12-24 18:27:55,,new,32,34,36
CamC_1130.jpg,2018-12-24 18:37:56,,new,31,35,36
CamC_1131.jpg,2018-12-24 18:47:57,36,train,34,36,38
CamC_1132.jpg,2018-12-24 18:57:58,,new,33,35,37
CamC_1133.jpg,2018-12-24 19:07:59,37,validate,30,35,41
CamC_1134.jpg,2018-12-24 19:18:00,35,train,28,35,39
CamC_1135.jpg,2018-12-24 19:28:01,,new,30,34,37
CamC_1136.jpg,2018-12-24 19:38:02,,new,28,34,34
CamC_1137.jpg,2018-12-24 19:48:03,,new,30,36,39
CamC_1138.jpg,2018-12-24 19:58:04,,new,30,33,36
CamC_1139.jpg,2018-12-24 20:08:05,29,validate,28,30,33
CamC_1140.jpg,2018-12-24 20:18:06,,new,27,33,37
CamC_1141.jpg,2018-12-24 20:28:07,39,train,31,39,41
CamC_1142.jpg,2018-12-24 20:38:08,36,train,26,37,37
CamC_1143.jpg,2018-12-24 20:48:09,38,train,30,36,39
CamC_1144.jpg,2018-12-24 20:58:10,,new,27,34,39
CamC_1145.jpg,2018-12-24 21:08:11,,new,29,36,40
CamC_1146.jpg,2018-12-24 21:18:12,,new,26,38,41
CamC_1147.jpg,2018-12-24 21:28:13,,new,31,34,36
CamC_1148.jpg,2018-12-24 21:38:14,34,train,27,35,39
CamC_1149.jpg,2018-12-24 21:48:15,33,train,27,33,36
CamC_1150.jpg,2018-12-24 21:58:16,,new,26,32,35
CamC_1151.jpg,2018-12-24 22:08:17,,new,27,31,34
CamC_1152.jpg,2018-12-24 22:18:18,,new,27,31,35
CamC_1153.jpg,2018-12-24 22:28:19,31,train,28,31,32
CamC_1154.jpg,2018-12-24 22:38:20,,new,28,31,34
CamC_1155.jpg,2018-12-24 22:48:21,,new,26,29,34
CamC_1156.jpg,2018-12-24 22:58:22,,new,27,32,34
CamC_1157.jpg,2018-12-24 23:08:23,,new,29,31,33
CamC_1158.jpg,2018-12-24 23:18:24,,new,24,29,30
CamC_1159.jpg,2018-12-24 23:28:25,,new,23,29,31
CamC_1160.jpg,2018-12-24 23:38:26,,new,21,28,30
CamC_1161.jpg,2018-12-24 23:48:27,,new,24,29,33
CamC_1162.jpg,2018-12-24 23:58:28,,new,26,30,34
CamC_1163.jpg,2018-12-25 00:08:28,,new,23,29,31
CamC_1164.jpg,2018-12-25 00:18:29,,new,27,30,31
CamC_1165.jpg,2018-12-25 00:28:30,,new,28,30,31
CamC_1166.jpg,2018-12-25 00:38:31,,new,27,30,32
CamC_1167.jpg,2018-12-25 00:48:32,,new,25,29,33
CamC_1168.jpg,2018-12-25 00:58:33,29,train,27,29,31
CamC_1169.jpg,2018-12-25 01:08:34,28,validate,24,30,35
CamC_1170.jpg,2018-12-25 01:18:35,28,validate,27,28,33
CamC_1171.jpg,2018-12-25 01:28:36,,new,27,28,29
CamC_1172.jpg,2018-12-25 01:38:37,,new,24,27,30
CamC_1173.jpg,2018-12-25 01:48:38,,new,24,28,34
CamC_1174.jpg,2018-12-25 01:58:39,,new,25,26,29
CamC_1175.jpg,2018-12-25 02:08:40,,new,24,25,30
CamC_1176.jpg,2018-12-25 02:18:41,,new,23,25,27
CamC_1177.jpg,2018-12-25 02:28:42,,new,23,25,25
CamC_1178.jpg,2018-12-25 02:38:43,,new,22,27,31
CamC_1179.jpg,2018-12-25 02:48:44,22,train,22,23,26
CamC_1180.jpg,2018-12-25 02:58:45,,new,22,23,26
CamC_1181.jpg,2018-12-25 03:08:46,,new,21,23,24
CamC_1182.jpg,2018-12-25 03:18:47,,new,22,22,24
CamC_1183.jpg,2018-12-25 03:28:48,24,train,21,24,26
CamC_1184.jpg,2018-12-25 03:38:49,,new,16,18,19
CamC_1185.jpg,2018-12-25 03:48:50,,new,18,18,20
CamC_1186.jpg,2018-12-25 03:58:51,,new,16,16,17
CamC_1187.jpg,2018-12-25 04:08:52,,new,15,15,16
CamC_1188.jpg,2018-12-25 04:18:53,,new,12,13,14
CamC_1189.jpg,2018-12-25 04:28:54,13,train,12,13,13
CamC_1190.jpg,2018-12-25 04:38:55,,new,13,13,13
CamC_1191.jpg,2018-12-25 04:48:56,,new,12,12,12
CamC_1192.jpg,2018-12-25 04:58:57,,new,12,12,13
CamC_1193.jpg,2018-12-25 05:08:58,,new,10,12,12
CamC_1194.jpg,2018-12-25 05:18:59,,new,9,11,11
CamC_1195.jpg,2018-12-25 05:29:00,,new,10,11,11
CamC_1196.jpg,2018-12-25 05:39:01,,new,9,9,9
CamC_1197.jpg,2018-12-25 05:49:02,,new,9,9,9
CamC_1198.jpg,2018-12-25 05:59:03,,new,9,9,9
CamC_1199.jpg,2018-12-25 06:09:04,,new,9,9,10
CamC_1200.jpg,2018-12-25 06:19:05,,new,8,9,10
CamC_1201.jpg,2018-12-25 06:29:06,,new,9,9,9
CamC_1202.jpg,2018-12-25 06:39:07,,new,9,9,9
CamC_1203.jpg,2018-12-25 06:49:07,,new,9,9,10
CamC_1204.jpg,2018-12-25 06:59:08,,new,11,11,11
CamC_1205.jpg,2018-12-25 07:09:09,,new,11,11,11
CamC_1206.jpg,2018-12-25 07:19:10,,new,11,11,11
CamC_1207.jpg,2018-12-25 07:29:11,,new,11,11,11
CamC_1208.jpg,2018-12-25 07:39:12,,new,11,11,11
CamC_1209.jpg,2018-12-25 07:49:13,,new,11,11,11
CamC_1210.jpg,2018-12-25 07:59:14,,new,11,11,12
CamC_1211.jpg,2018-12-25 08:09:15,,new,11,11,14
CamC_1212.jpg,2018-12-25 08:19:16,,new,11,12,14
CamC_1213.jpg,2018-12-25 08:29:17,,new,12,12,15
CamC_1214.jpg,2018-12-25 08:39:18,,new,11,12,14
CamC_1215.jpg,2018-12-25 08:49:19,,new,12,12,12
CamC_1216.jpg,2018-12-25 08:59:20,,new,11,12,12
CamC_1217.jpg,2018-12-25 09:09:21,,new,11,11,11
CamC_1218.jpg,2018-12-25 09:19:22,,new,11,11,12
CamC_1219.jpg,2018-12-25 09:29:23,,new,10,10,12
CamC_1220.jpg,2018-12-25 09:39:24,,new,11,12,12
CamC_1221.jpg,2018-12-25 09:49:25,,new,12,12,12
CamC_1222.jpg,2018-12-25 09:59:26,,new,13,13,15
CamC_1223.jpg,2018-12-25 10:09:27,,new,12,13,13
CamC_1224.jpg,2018-12-25 10:19:28,,new,13,13,14
CamC_1225.jpg,2018-12-25 10:29:29,,new,11,11,12
CamC_1226.jpg,2018-12-25 10:39:30,,new,11,11,13
CamC_1227.jpg,2018-12-25 10:49:31,,new,9,9,10
CamC_1228.jpg,2018-12-25 10:59:32,,new,8,9,9
CamC_1229.jpg,2018-12-25 11:09:33,,new,8,8,10
CamC_1230.jpg,2018-12-25 11:19:34,,new,6,6,7
CamC_1231.jpg,2018-12-25 11:29:35,,new,8,8,9
CamC_1232.jpg,2018-12-25 11:39:36,,new,7,7,8
CamC_1233.jpg,2018-12-25 11:49:37,,new,7,7,7
CamC_1234.jpg,2018-12-25 11:59:38,,new,6,6,6
CamC_1235.jpg,2018-12-25 12:09:39,,new,6,6,7
CamC_1236.jpg,2018-12-25 12:19:40,,new,7,7,7
CamC_1237.jpg,2018-12-25 12:29:41,,new,7,8,9
CamC_1238.jpg,2018-12-25 12:39:42,,new,7,8,10
CamC_1239.jpg,2018-12-25 12:49:43,,new,6,7,7
CamC_1240.jpg,2018-12-25 12:59:44,,new,8,9,9
CamC_1241.jpg,2018-12-25 13:09:45,,new,7,9,11
CamC_1242.jpg,2018-12-25 13:19:46,,new,6,8,11
CamC_1243.jpg,2018-12-25 13:29:47,,new,9,10,12
CamC_1244.jpg,2018-12-25 13:39:48,,new,7,11,11
CamC_1245.jpg,2018-12-25 13:49:49,,new,8,10,10
CamC_1246.jpg,2018-12-25 13:59:50,,new,8,9,10
CamC_1247.jpg,2018-12-25 14:09:50,,new,7,8,8
CamC_1248.jpg,2018-12-25 14:19:51,,new,6,7,8
CamC_1249.jpg,2018-12-25 14:29:52,,new,7,8,9
CamC_1250.jpg,2018-12-25 14:39:53,,new,6,8,9
CamC_1251.jpg,2018-12-25 14:49:54,,new,6,8,9
CamC_1252.jpg,2018-12-25 14:59:55,,new,7,8,9
CamC_1253.jpg,2018-12-25 15:09:56,,new,7,9,10
CamC_1254.jpg,2018-12-25 15:19:57,,new,5,8,10
CamC_1255.jpg,2018-12-25 15:29:58,,new,9,10,11
CamC_1256.jpg,2018-12-25 15:39:59,,new,8,9,10
CamC_1257.jpg,2018-12-25 15:50:00,10,train,10,10,11
CamC_1258.jpg,2018-12-25 16:00:01,,new,10,10,12
CamC_1259.jpg,2018-12-25 16:10:02,,new,11,11,13
CamC_1260.jpg,2018-12-25 16:20:03,,new,11,13,14
CamC_1261.jpg,2018-12-25 16:30:04,,new,14,16,17
CamC_1262.jpg,2018-12-25 16:40:05,,new,12,12,14
CamC_1263.jpg,2018-12-25 16:50:06,,new,11,13,13
CamC_1264.jpg,2018-12-25 17:00:07,,new,13,14,16
CamC_1265.jpg,2018-12-25 17:10:08,,new,15,16,19
CamC_1266.jpg,2018-12-25 17:20:09,,new,14,15,20
CamC_1267.jpg,2018-12-25 17:30:10,,new,15,15,19
CamC_1268.jpg,2018-12-25 17:40:11,,new,16,17,22
CamC_1269.jpg,2018-12-25 17:50:12,,new,16,17,22
CamC_1270.jpg,2018-12-25 18:00:13,,new,16,18,20
CamC_1271.jpg,2018-12-25 18:10:14,,new,16,17,20
CamC_1272.jpg,2018-12-25 18:20:15,,new,15,19,22
CamC_1273.jpg,2018-12-25 18:30:16,,new,18,18,24
CamC_1274.jpg,2018-12-25 18:40:17,,new,20,21,26
CamC_1275.jpg,2018-12-25 18:50:18,24,validate,20,23,25
CamC_1276.jpg,2018-12-25 19:00:19,,new,21,24,29
CamC_1277.jpg,2018-12-25 19:10:20,,new,22,24,28
CamC_1278.jpg,2018-12-25 19:20:21,26,train,21,29,31
CamC_1279.jpg,2018-12-25 19:30:22,,new,20,25,27
CamC_1280.jpg,2018-12-25 19:40:23,,new,21,23,24
CamC_1281.jpg,2018-12-25 19:50:24,,new,20,23,27
CamC_1282.jpg,2018-12-25 20:00:25,,new,19,22,25
CamC_1283.jpg,2018-12-25 20:10:26,,new,23,24,24
CamC_1284.jpg,2018-12-25 20:20:27,,new,17,24,25
CamC_1285.jpg,2018-12-25 20:30:28,,new,21,25,26
CamC_1286.jpg,2018-12-25 20:40:29,,new,22,26,27
CamC_1287.jpg,2018-12-25 20:50:30,,new,24,26,28
CamC_1288.jpg,2018-12-25 21:00:31,,new,25,25,27
CamC_1289.jpg,2018-12-25 21:10:31,,new,24,25,27
CamC_1290.jpg,2018-12-25 21:20:32,,new,22,26,26
CamC_1291.jpg,2018-12-25 21:30:33,,new,22,25,27
CamC_1292.jpg,2018-12-25 21:40:34,,new,23,28,30
CamC_1293.jpg,2018-12-25 21:50:35,,new,23,26,28
CamC_1294.jpg,2018-12-25 22:00:36,,new,23,26,28
CamC_1295.jpg,2018-12-25 22:10:37,,new,21,24,24
CamC_1296.jpg,2018-12-25 22:20:38,,new,21,24,26
CamC_1297.jpg,2018-12-25 22:30:39,,new,22,23,25
CamC_1298.jpg,2018-12-25 22:40:40,,new,22,24,24
CamC_1299.jpg,2018-12-25 22:50:41,,new,21,23,25
CamC_1300.jpg,2018-12-25 23:00:42,,new,23,24,24
CamC_1301.jpg,2018-12-25 23:10:43,,new,20,24,24
CamC_1302.jpg,2018-12-25 23:20:44,26,train,25,28,31
CamC_1303.jpg,2018-12-25 23:30:45,27,validate,24,28,29
CamC_1304.jpg,2018-12-25 23:40:46,,new,25,28,31
CamC_1305.jpg,2018-12-25 23:50:47,,new,24,27,30
CamC_1306.jpg,2018-12-26 00:00:48,,new,22,27,27
CamC_1307.jpg,2018-12-26 00:10:49,,new,24,25,27
CamC_1308.jpg,2018-12-26 00:20:50,,new,22,25,27
CamC_1309.jpg,2018-12-26 00:30:51,,new,22,25,28
CamC_1310.jpg,2018-12-26 00:40:52,,new,23,25,28
CamC_1311.jpg,2018-12-26 00:50:53,,new,23,25,25
CamC_1312.jpg,2018-12-26 01:00:54,,new,24,26,27
CamC_1313.jpg,2018-12-26 01:10:55,,new,20,25,27
CamC_1314.jpg,2018-12-26 01:20:56,,new,20,25,25
CamC_1315.jpg,2018-12-26 01:30:57,,new,23,26,27
CamC_1316.jpg,2018-12-26 01:40:58,,new,20,23,25
CamC_1317.jpg,2018-12-26 01:50:59,,new,21,25,26
CamC_1318.jpg,2018-12-26 02:01:00,,new,22,25,26
CamC_1319.jpg,2018-12-26 02:11:01,,new,25,30,32
CamC_1320.jpg,2018-12-26 02:21:02,,new,27,28,30
CamC_1321.jpg,2018-12-26 02:31:03,,new,26,28,31
CamC_1322.jpg,2018-12-26 02:41:04,,new,27,29,30
CamC_1323.jpg,2018-12-26 02:51:05,31,train,26,32,33
CamC_1324.jpg,2018-12-26 03:01:06,,new,26,31,35
CamC_1325.jpg,2018-12-26 03:11:07,,new,28,32,35
CamC_1326.jpg,2018-12-26 03:21:08,,new,29,31,32
CamC_1327.jpg,2018-12-26 03:31:09,,new,29,30,35
CamC_1328.jpg,2018-12-26 03:41:10,,new,30,31,35
CamC_1329.jpg,2018-12-26 03:51:10,,new,29,31,32
CamC_1330.jpg,2018-12-26 04:01:11,,new,29,30,34
CamC_1331.jpg,2018-12-26 04:11:12,,new,30,33,35
CamC_1332.jpg,2018-12-26 04:21:13,,new,30,31,39
CamC_1333.jpg,2018-12-26 04:31:14,,new,31,33,40
CamC_1334.jpg,2018-12-26 04:41:15,,new,30,32,35
CamC_1335.jpg,2018-12-26 04:51:16,,new,31,33,36
CamC_1336.jpg,2018-12-26 05:01:17,33,train,31,33,36
CamC_1337.jpg,2018-12-26 05:11:18,,new,35,36,42
CamC_1338.jpg,2018-12-26 05:21:19,33,train,32,33,35
CamC_1339.jpg,2018-12-26 05:31:20,,new,31,33,34
CamC_1340.jpg,2018-12-26 05:41:21,,new,33,34,35
CamC_1341.jpg,2018-12-26 05:51:22,,new,31,33,36
CamC_1342.jpg,2018-12-26 06:01:23,,new,31,33,34
CamC_1343.jpg,2018-12-26 06:11:24,34,train,29,34,38
CamC_1344.jpg,2018-12-26 06:21:25,31,train,30,33,33
CamC_1345.jpg,2018-12-26 06:31:26,31,train,28,32,33
CamC_1346.jpg,2018-12-26 06:41:27,32,train,32,32,35
CamC_1347.jpg,2018-12-26 06:51:28,,new,27,32,35
CamC_1348.jpg,2018-12-26 07:01:29,,new,24,32,32
CamC_1349.jpg,2018-12-26 07:11:30,31,validate,25,33,34
CamC_1350.jpg,2018-12-26 07:21:31,,new,23,32,33
CamC_1351.jpg,2018-12-26 07:31:32,,new,27,29,34
CamC_1352.jpg,2018-12-26 07:41:33,,new,25,30,31
CamC_1353.jpg,2018-12-26 07:51:34,,new,26,30,32
CamC_1354.jpg,2018-12-26 08:01:35,28,train,26,27,29
CamC_1355.jpg,2018-12-26 08:11:36,26,train,25,28,32
CamC_1356.jpg,2018-12-26 08:21:37,,new,25,29,33
CamC_1357.jpg,2018-12-26 08:31:38,,new,25,28,31
CamC_1358.jpg,2018-12-26 08:41:39,23,train,21,23,28
CamC_1359.jpg,2018-12-26 08:51:40,23,train,21,26,30
CamC_1360.jpg,2018-12-26 09:01:41,,new,20,24,27
CamC_1361.jpg,2018-12-26 09:11:42,,new,14,22,27
CamC_1362.jpg,2018-12-26 09:21:43,19,train,14,20,23
CamC_1363.jpg,2018-12-26 09:31:44,,new,16,21,23
CamC_1364.jpg,2018-12-26 09:41:45,21,train,17,23,26
CamC_1365.jpg,2018-12-26 09:51:46,,new,16,20,24
CamC_1366.jpg,2018-12-26 10:01:47,,new,20,24,27
CamC_1367.jpg,2018-12-26 10:11:48,,new,20,25,27
CamC_1368.jpg,2018-12-26 10:21:49,,new,18,23,27
CamC_1369.jpg,2018-12-26 10:31:50,23,train,20,24,25
CamC_1370.jpg,2018-12-26 10:41:51,20,validate,17,19,22
CamC_1371.jpg,2018-12-26 10:51:51,,new,18,20,24
CamC_1372.jpg,2018-12-26 11:01:52,,new,20,21,24
CamC_1373.jpg,2018-12-26 11:11:53,,new,19,22,26
CamC_1374.jpg,2018-12-26 11:21:54,21,train,20,21,25
CamC_1375.jpg,2018-12-26 11:31:55,,new,20,22,26
CamC_1376.jpg,2018-12-26 11:41:56,,new,20,22,26
CamC_1377.jpg,2018-12-26 11:51:57,,new,19,20,21
CamC_1378.jpg,2018-12-26 12:01:58,,new,17,20,22
CamC_1379.jpg,2018-12-26 12:11:59,,new,17,19,20
CamC_1380.jpg,2018-12-26 12:22:00,,new,17,19,20
CamC_1381.jpg,2018-12-26 12:32:01,,new,16,19,19
CamC_1382.jpg,2018-12-26 12:42:02,,new,18,21,24
CamC_1383.jpg,2018-12-26 12:52:03,,new,17,21,23
CamC_1384.jpg,2018-12-26 13:02:04,,new,20,25,27
CamC_1385.jpg,2018-12-26 13:12:05,,new,20,25,29
CamC_1386.jpg,2018-12-26 13:22:06,,new,19,24,27
CamC_1387.jpg,2018-12-26 13:32:07,26,train,21,25,29
CamC_1388.jpg,2018-12-26 13:42:08,,new,20,23,26
CamC_1389.jpg,2018-12-26 13:52:09,,new,19,26,31
CamC_1390.jpg,2018-12-26 14:02:10,,new,15,20,24
CamC_1391.jpg,2018-12-26 14:12:11,,new,15,20,23
CamC_1392.jpg,2018-12-26 14:22:12,,new,19,22,25
CamC_1393.jpg,2018-12-26 14:32:13,,new,17,20,23
CamC_1394.jpg,2018-12-26 14:42:14,,new,16,18,20
CamC_1395.jpg,2018-12-26 14:52:15,,new,16,18,20
CamC_1396.jpg,2018-12-26 15:02:16,,new,14,16,18
CamC_1397.jpg,2018-12-26 15:12:17,,new,15,16,17
CamC_1398.jpg,2018-12-26 15:22:18,,new,13,17,20
CamC_1399.jpg,2018-12-26 15:32:19,,new,14,19,21
CamC_1400.jpg,2018-12-26 15:42:20,17,train,12,17,23
CamC_1401.jpg,2018-12-26 15:52:21,17,train,13,17,22
CamC_1402.jpg,2018-12-26 16:02:22,,new,16,18,19
CamC_1403.jpg,2018-12-26 16:12:23,,new,16,19,21
CamC_1404.jpg,2018-12-26 16:22:24,,new,16,18,20
CamC_1405.jpg,2018-12-26 16:32:25,,new,18,20,21
CamC_1406.jpg,2018-12-26 16:42:26,,new,19,23,24
CamC_1407.jpg,2018-12-26 16:52:27,,new,19,22,22
CamC_1408.jpg,2018-12-26 17:02:28,,new,16,23,25
CamC_1409.jpg,2018-12-26 17:12:29,,new,18,22,25
CamC_1410.jpg,2018-12-26 17:22:30,,new,20,23,25
CamC_1411.jpg,2018-12-26 17:32:31,,new,19,22,23
CamC_1412.jpg,2018-12-26 17:42:32,,new,19,20,22
CamC_1413.jpg,2018-12-26 17:52:32,,new,18,22,24
CamC_1414.jpg,2018-12-26 18:02:33,,new,20,23,24
CamC_1415.jpg,2018-12-26 18:12:34,,new,19,22,23
CamC_1416.jpg,2018-12-26 18:22:35,,new,22,24,26
CamC_1417.jpg,2018-12-26 18:32:36,,new,21,23,26
CamC_1418.jpg,2018-12-26 18:42:37,25,train,22,25,26
CamC_1419.jpg,2018-12-26 18:52:38,,new,22,25,26
CamC_1420.jpg,2018-12-26 19:02:39,,new,20,23,26
CamC_1421.jpg,2018-12-26 19:12:40,,new,22,24,25
CamC_1422.jpg,2018-12-26 19:22:41,,new,18,23,25
CamC_1423.jpg,2018-12-26 19:32:42,,new,21,24,24
CamC_1424.jpg,2018-12-26 19:42:43,,new,21,23,23
CamC_1425.jpg,2018-12-26 19:52:44,,new,21,25,27
CamC_1426.jpg,2018-12-26 20:02:45,,new,21,24,27
CamC_1427.jpg,2018-12-26 20:12:46,,new,20,25,25
CamC_1428.jpg,2018-12-26 20:22:47,,new,20,24,25
CamC_1429.jpg,2018-12-26 20:32:48,,new,22,23,24
CamC_1430.jpg,2018-12-26 20:42:49,,new,23,25,25
CamC_1431.jpg,2018-12-26 20:52:50,,new,22,25,26
CamC_1432.jpg,2018-12-26 21:02:51,23,discard,22,27,28
CamC_1433.jpg,2018-12-26 21:12:52,26,train,22,26,28
CamC_1434.jpg,2018-12-26 21:22:53,19,train,16,20,22
CamC_1435.jpg,2018-12-26 21:32:54,,new,19,22,23
CamC_1436.jpg,2018-12-26 21:42:55,,new,21,26,31
CamC_1437.jpg,2018-12-26 21:52:56,,new,20,25,25
CamC_1438.jpg,2018-12-26 22:02:57,24,train,20,24,26
CamC_1439.jpg,2018-12-26 22:12:58,,new,19,23,26
CamC_1440.jpg,2018-12-26 22:22:59,,new,19,23,23
CamC_1441.jpg,2018-12-26 22:33:00,,new,20,22,25
CamC_1442.jpg,2018-12-26 22:43:01,,new,22,23,26
CamC_1443.jpg,2018-12-26 22:53:02,,new,21,24,28
CamC_1444.jpg,2018-12-26 23:03:03,,new,22,24,25
CamC_1445.jpg,2018-12-26 23:13:04,,new,22,23,23
CamC_1446.jpg,2018-12-26 23:23:05,0,discard,0,0,0
CamC_1447.jpg,2018-12-26 23:33:06,6,discard,2,10,14
CamC_1448.jpg,2018-12-26 23:43:07,21,train,19,21,22
CamC_1449.jpg,2018-12-26 23:53:08,,new,17,20,20
CamC_1450.jpg,2018-12-27 00:03:09,,new,19,21,21
CamC_1451.jpg,2018-12-27 00:13:10,,new,17,21,21
CamC_1452.jpg,2018-12-27 00:23:11,,new,18,22,22
CamC_1453.jpg,2018-12-27 00:33:12,,new,18,22,23
CamC_1454.jpg,2018-12-27 00:43:12,,new,18,21,22
CamC_1455.jpg,2018-12-27 00:53:13,,new,18,21,21
CamC_1456.jpg,2018-12-27 01:03:14,,new,15,20,22
CamC_1457.jpg,2018-12-27 01:13:15,0,discard,0,0,5
CamC_1458.jpg,2018-12-27 01:23:16,20,train,16,21,25
CamC_1459.jpg,2018-12-27 01:33:17,,new,19,20,21
CamC_1460.jpg,2018-12-27 01:43:18,,new,20,20,21
CamC_1461.jpg,2018-12-27 01:53:19,,new,19,20,20
CamC_1462.jpg,2018-12-27 02:03:20,,new,19,19,20
CamC_1463.jpg,2018-12-27 02:13:21,,new,17,18,18
CamC_1464.jpg,2018-12-27 02:23:22,,new,16,16,16
CamC_1465.jpg,2018-12-27 02:33:23,,new,16,17,18
CamC_1466.jpg,2018-12-27 02:43:24,,new,14,16,17
CamC_1467.jpg,2018-12-27 02:53:25,,new,13,16,16
CamC_1468.jpg,2018-12-27 03:03:26,,new,12,14,17
CamC_1469.jpg,2018-12-27 03:13:27,,new,10,12,15
CamC_1470.jpg,2018-12-27 03:23:28,,new,10,14,14
CamC_1471.jpg,2018-12-27 03:33:29,,new,7,9,10
CamC_1472.jpg,2018-12-27 03:43:30,,new,7,7,10
CamC_1473.jpg,2018-12-27 03:53:31,,new,8,10,10
CamC_1474.jpg,2018-12-27 04:03:32,,new,9,10,10
CamC_1475.jpg,2018-12-27 04:13:33,,new,8,10,10
CamC_1476.jpg,2018-12-27 04:23:34,,new,7,9,9
CamC_1477.jpg,2018-12-27 04:33:35,,new,7,8,9
CamC_1478.jpg,2018-12-27 04:43:36,,new,7,7,8
CamC_1479.jpg,2018-12-27 04:53:37,,new,5,7,8
CamC_1480.jpg,2018-12-27 05:03:38,6,train,6,6,6
CamC_1481.jpg,2018-12-27 05:13:39,,new,5,6,6
CamC_1482.jpg,2018-12-27 05:23:40,,new,5,6,6
CamC_1483.jpg,2018-12-27 05:33:41,,new,5,5,5
CamC_1484.jpg,2018-12-27 05:43:42,,new,5,5,5
CamC_1485.jpg,2018-12-27 05:53:43,,new,6,6,6
CamC_1486.jpg,2018-12-27 06:03:44,,new,5,5,5
CamC_1487.jpg,2018-12-27 06:13:45,,new,5,6,6
CamC_1488.jpg,2018-12-27 06:23:46,,new,3,6,6
CamC_1489.jpg,2018-12-27 06:33:47,,new,4,6,6
CamC_1490.jpg,2018-12-27 06:43:48,7,discard,3,7,21
CamC_1491.jpg,2018-12-27 06:53:49,4,discard,3,7,8
CamC_1492.jpg,2018-12-27 07:03:50,1,discard,1,2,9
CamC_1493.jpg,2018-12-27 07:13:51,0,discard,0,2,6
CamC_1494.jpg,2018-12-27 07:23:52,,new,0,0,0
CamC_1495.jpg,2018-12-27 07:33:53,,new,0,1,1
CamC_1496.jpg,2018-12-27 07:43:53,,new,1,1,1
CamC_1497.jpg,2018-12-27 07:53:54,,new,0,0,0
CamC_1498.jpg,2018-12-27 08:03:55,,new,0,0,0
CamC_1499.jpg,2018-12-27 08:13:56,,new,0,0,0
CamC_1500.jpg,2018-12-27 08:23:57,,new,1,1,1
CamC_1501.jpg,2018-12-27 08:33:58,,new,0,1,2
CamC_1502.jpg,2018-12-27 08:43:59,,new,1,2,2
CamC_1503.jpg,2018-12-27 08:54:00,8,train,7,8,9
CamC_1504.jpg,2018-12-27 09:04:01,,new,8,8,8
CamC_1505.jpg,2018-12-27 09:14:02,,new,8,8,8
CamC_1506.jpg,2018-12-27 09:24:03,,new,8,8,8
CamC_1507.jpg,2018-12-27 09:34:04,,new,8,8,8
CamC_1508.jpg,2018-12-27 09:44:05,,new,9,9,9
CamC_1509.jpg,2018-12-27 09:54:06,,new,9,9,9
CamC_1510.jpg,2018-12-27 10:04:07,10,train,10,10,10
CamC_1511.jpg,2018-12-27 10:14:08,,new,10,10,10
CamC_1512.jpg,2018-12-27 10:24:09,,new,9,9,9
CamC_1513.jpg,2018-12-27 10:34:10,,new,9,9,9
CamC_1514.jpg,2018-12-27 10:44:11,,new,7,9,11
CamC_1515.jpg,2018-12-27 10:54:12,,new,11,11,11
CamC_1516.jpg,2018-12-27 11:04:13,,new,11,11,11
CamC_1517.jpg,2018-12-27 11:14:14,,new,11,11,12
CamC_1518.jpg,2018-12-27 11:24:15,,new,11,11,11
CamC_1519.jpg,2018-12-27 11:34:16,,new,10,10,10
CamC_1520.jpg,2018-12-27 11:44:17,,new,8,9,11
CamC_1521.jpg,2018-12-27 11:54:18,,new,8,9,9
CamC_1522.jpg,2018-12-27 12:04:19,,new,8,10,11
CamC_1523.jpg,2018-12-27 12:14:20,,new,9,9,9
CamC_1524.jpg,2018-12-27 12:24:21,,new,10,10,10
CamC_1525.jpg,2018-12-27 12:34:22,,new,9,10,10
CamC_1526.jpg,2018-12-27 12:44:23,,new,9,10,13
CamC_1527.jpg,2018-12-27 12:54:24,,new,10,10,12
CamC_1528.jpg,2018-12-27 13:04:25,,new,10,10,11
CamC_1529.jpg,2018-12-27 13:14:26,,new,10,10,12
CamC_1530.jpg,2018-12-27 13:24:27,,new,9,9,12
CamC_1531.jpg,2018-12-27 13:34:28,,new,8,9,9
CamC_1532.jpg,2018-12-27 13:44:29,,new,10,10,11
CamC_1533.jpg,2018-12-27 13:54:30,,new,9,12,14
CamC_1534.jpg,2018-12-27 14:04:31,,new,10,12,17
CamC_1535.jpg,2018-12-27 14:14:32,,new,10,10,10
CamC_1536.jpg,2018-12-27 14:24:33,,new,10,10,14
CamC_1537.jpg,2018-12-27 14:34:34,0,discard,0,0,6
CamC_1538.jpg,2018-12-27 14:44:35,6,train,3,6,8
CamC_1539.jpg,2018-12-27 14:54:35,11,train,8,12,13
CamC_1540.jpg,2018-12-27 15:04:36,,new,7,11,12
CamC_1541.jpg,2018-12-27 15:14:37,14,train,3,9,19
CamC_1542.jpg,2018-12-27 15:24:38,14,validate,11,14,24
CamC_1543.jpg,2018-12-27 15:34:39,17,validate,10,14,22
CamC_1544.jpg,2018-12-27 15:44:40,,new,13,15,17
CamC_1545.jpg,2018-12-27 15:54:41,,new,15,18,19
CamC_1546.jpg,2018-12-27 16:04:42,,new,16,19,19
CamC_1547.jpg,2018-12-27 16:14:43,,new,14,19,23
CamC_1548.jpg,2018-12-27 16:24:44,,new,15,19,21
CamC_1549.jpg,2018-12-27 16:34:45,,new,16,20,23
CamC_1550.jpg,2018-12-27 16:44:46,,new,17,20,25
CamC_1551.jpg,2018-12-27 16:54:47,20,train,17,26,43
CamC_1552.jpg,2018-12-27 17:04:48,5,discard,10,16,27
CamC_1553.jpg,2018-12-27 17:14:49,0,discard,10,20,31
CamC_1554.jpg,2018-12-27 17:24:50,23,train,20,26,49
CamC_1555.jpg,2018-12-27 17:34:51,11,discard,15,20,35
CamC_1556.jpg,2018-12-27 17:44:52,0,discard,0,4,16
CamC_1557.jpg,2018-12-27 17:54:53,1,discard,1,2,4
CamC_1558.jpg,2018-12-27 18:04:54,24,discard,12,20,24
CamC_1559.jpg,2018-12-27 18:14:55,7,discard,7,15,20
CamC_1560.jpg,2018-12-27 18:24:56,5,discard,6,12,22
CamC_1561.jpg,2018-12-27 18:34:57,3,discard,3,7,12
CamC_1562.jpg,2018-12-27 18:44:58,4,discard,9,18,26
CamC_1563.jpg,2018-12-27 18:54:59,25,discard,19,23,27
CamC_1564.jpg,2018-12-27 19:05:00,24,train,23,25,30
CamC_1565.jpg,2018-12-27 19:15:01,,new,26,26,28
CamC_1566.jpg,2018-12-27 19:25:02,,new,26,28,29
CamC_1567.jpg,2018-12-27 19:35:03,,new,28,29,30
CamC_1568.jpg,2018-12-27 19:45:04,28,train,28,28,31
CamC_1569.jpg,2018-12-27 19:55:05,30,train,28,32,36
CamC_1570.jpg,2018-12-27 20:05:06,30,train,27,30,30
CamC_1571.jpg,2018-12-27 20:15:07,,new,27,30,31
CamC_1572.jpg,2018-12-27 20:25:08,,new,25,28,29
CamC_1573.jpg,2018-12-27 20:35:09,30,train,27,30,35
CamC_1574.jpg,2018-12-27 20:45:10,33,validate,29,34,38
CamC_1575.jpg,2018-12-27 20:55:11,,new,30,34,37
CamC_1576.jpg,2018-12-27 21:05:12,,new,27,31,34
CamC_1577.jpg,2018-12-27 21:15:13,,new,27,30,34
CamC_1578.jpg,2018-12-27 21:25:14,32,train,29,34,40
CamC_1579.jpg,2018-12-27 21:35:15,,new,26,33,34
CamC_1580.jpg,2018-12-27 21:45:15,31,train,27,31,34
CamC_1581.jpg,2018-12-27 21:55:16,,new,24,33,37
CamC_1582.jpg,2018-12-27 22:05:17,33,train,25,36,38
CamC_1583.jpg,2018-12-27 22:15:18,,new,26,31,34
CamC_1584.jpg,2018-12-27 22:25:19,,new,28,35,40
CamC_1585.jpg,2018-12-27 22:35:20,34,train,27,34,35
CamC_1586.jpg,2018-12-27 22:45:21,,new,31,34,36
CamC_1587.jpg,2018-12-27 22:55:22,,new,31,34,35
CamC_1588.jpg,2018-12-27 23:05:23,33,train,26,32,38
CamC_1589.jpg,2018-12-27 23:15:24,32,validate,27,33,37
CamC_1590.jpg,2018-12-27 23:25:25,,new,26,33,38
CamC_1591.jpg,2018-12-27 23:35:26,37,train,28,35,39
CamC_1592.jpg,2018-12-27 23:45:27,36,train,27,35,43
CamC_1593.jpg,2018-12-27 23:55:28,,new,31,36,40
CamC_1594.jpg,2018-12-28 00:05:29,39,validate,32,37,43
CamC_1595.jpg,2018-12-28 00:15:30,36,train,30,38,44
CamC_1596.jpg,2018-12-28 00:25:31,36,train,29,36,48
CamC_1597.jpg,2018-12-28 00:35:32,38,train,32,39,45
CamC_1598.jpg,2018-12-28 00:45:33,29,discard,25,35,53
CamC_1599.jpg,2018-12-28 00:55:34,35,discard,32,34,44
CamC_1600.jpg,2018-12-28 01:05:35,36,discard,30,38,56
CamC_1601.jpg,2018-12-28 01:15:36,35,train,29,36,43
CamC_1602.jpg,2018-12-28 01:25:37,39,train,35,39,44
CamC_1603.jpg,2018-12-28 01:35:38,35,train,31,35,40
CamC_1604.jpg,2018-12-28 01:45:39,34,train,31,35,39
CamC_1605.jpg,2018-12-28 01:55:40,,new,30,35,39
CamC_1606.jpg,2018-12-28 02:05:41,,new,30,37,42
CamC_1607.jpg,2018-12-28 02:15:42,35,train,34,41,48
CamC_1608.jpg,2018-12-28 02:25:43,,new,31,35,39
CamC_1609.jpg,2018-12-28 02:35:44,34,train,27,33,35
CamC_1610.jpg,2018-12-28 02:45:45,,new,31,33,34
CamC_1611.jpg,2018-12-28 02:55:46,,new,28,36,40
CamC_1612.jpg,2018-12-28 03:05:47,32,discard,22,29,34
CamC_1613.jpg,2018-12-28 03:15:48,19,discard,22,24,32
CamC_1614.jpg,2018-12-28 03:25:49,,new,33,35,38
CamC_1615.jpg,2018-12-28 03:35:50,35,train,32,35,40
CamC_1616.jpg,2018-12-28 03:45:51,,new,30,34,41
CamC_1617.jpg,2018-12-28 03:55:52,,new,30,35,40
CamC_1618.jpg,2018-12-28 04:05:53,,new,32,36,41
CamC_1619.jpg,2018-12-28 04:15:54,,new,27,35,42
CamC_1620.jpg,2018-12-28 04:25:55,32,train,30,34,38
CamC_1621.jpg,2018-12-28 04:35:55,32,train,29,34,38
CamC_1622.jpg,2018-12-28 04:45:56,,new,29,37,38
CamC_1623.jpg,2018-12-28 04:55:57,37,train,28,35,38
CamC_1624.jpg,2018-12-28 05:05:58,,new,29,34,36
CamC_1625.jpg,2018-12-28 05:15:59,32,train,28,33,35
CamC_1626.jpg,2018-12-28 05:26:00,32,train,25,33,34
CamC_1627.jpg,2018-12-28 05:36:01,,new,26,32,36
CamC_1628.jpg,2018-12-28 05:46:02,27,train,20,29,30
CamC_1629.jpg,2018-12-28 05:56:03,28,train,24,28,34
CamC_1630.jpg,2018-12-28 06:06:04,30,train,24,27,30
CamC_1631.jpg,2018-12-28 06:16:05,26,validate,23,27,30
CamC_1632.jpg,2018-12-28 06:26:06,,new,20,27,30
CamC_1633.jpg,2018-12-28 06:36:07,,new,21,26,27
CamC_1634.jpg,2018-12-28 06:46:08,,new,21,25,27
CamC_1635.jpg,2018-12-28 06:56:09,,new,21,26,29
CamC_1636.jpg,2018-12-28 07:06:10,,new,21,26,29
CamC_1637.jpg,2018-12-28 07:16:11,,new,20,23,26
CamC_1638.jpg,2018-12-28 07:26:12,,new,18,22,25
CamC_1639.jpg,2018-12-28 07:36:13,18,train,15,19,21
CamC_1640.jpg,2018-12-28 07:46:14,19,train,13,18,21
CamC_1641.jpg,2018-12-28 07:56:15,,new,15,20,21
CamC_1642.jpg,2018-12-28 08:06:16,,new,17,20,22
CamC_1643.jpg,2018-12-28 08:16:17,,new,18,22,25
CamC_1644.jpg,2018-12-28 08:26:18,,new,17,22,23
CamC_1645.jpg,2018-12-28 08:36:19,,new,17,22,22
CamC_1646.jpg,2018-12-28 08:46:20,,new,19,22,24
CamC_1647.jpg,2018-12-28 08:56:21,,new,15,18,19
CamC_1648.jpg,2018-12-28 09:06:22,,new,10,15,17
CamC_1649.jpg,2018-12-28 09:16:23,,new,12,16,16
CamC_1650.jpg,2018-12-28 09:26:24,,new,10,15,15
CamC_1651.jpg,2018-12-28 09:36:25,,new,10,14,14
CamC_1652.jpg,2018-12-28 09:46:26,,new,12,13,13
CamC_1653.jpg,2018-12-28 09:56:27,,new,9,12,12
CamC_1654.jpg,2018-12-28 10:06:28,,new,10,11,12
CamC_1655.jpg,2018-12-28 10:16:29,,new,9,9,10
CamC_1656.jpg,2018-12-28 10:26:30,,new,7,9,10
CamC_1657.jpg,2018-12-28 10:36:31,,new,6,8,8
CamC_1658.jpg,2018-12-28 10:46:32,,new,7,8,9
CamC_1659.jpg,2018-12-28 10:56:33,,new,6,8,8
CamC_1660.jpg,2018-12-28 11:06:34,,new,7,10,11
CamC_1661.jpg,2018-12-28 11:16:35,,new,9,10,11
CamC_1662.jpg,2018-12-28 11:26:36,,new,8,10,11
CamC_1663.jpg,2018-12-28 11:36:37,,new,10,12,12
CamC_1664.jpg,2018-12-28 11:46:37,,new,8,11,11
CamC_1665.jpg,2018-12-28 11:56:38,,new,8,11,11
CamC_1666.jpg,2018-12-28 12:06:39,,new,8,9,10
CamC_1667.jpg,2018-12-28 12:16:40,,new,9,10,13
CamC_1668.jpg,2018-12-28 12:26:41,9,train,9,11,11
CamC_1669.jpg,2018-12-28 12:36:42,,new,7,9,10
CamC_1670.jpg,2018-12-28 12:46:43,,new,7,9,9
CamC_1671.jpg,2018-12-28 12:56:44,,new,8,9,11
CamC_1672.jpg,2018-12-28 13:06:45,,new,8,9,11
CamC_1673.jpg,2018-12-28 13:16:46,,new,7,10,10
CamC_1674.jpg,2018-12-28 13:26:47,,new,8,10,11
CamC_1675.jpg,2018-12-28 13:36:48,,new,8,10,10
CamC_1676.jpg,2018-12-28 13:46:49,,new,9,11,11
CamC_1677.jpg,2018-12-28 13:56:50,,new,10,11,11
CamC_1678.jpg,2018-12-28 14:06:51,,new,11,11,11
CamC_1679.jpg,2018-12-28 14:16:52,,new,11,11,11
CamC_1680.jpg,2018-12-28 14:26:53,,new,10,10,10
CamC_1681.jpg,2018-12-28 14:36:54,,new,11,11,12
CamC_1682.jpg,2018-12-28 14:46:55,,new,10,11,13
CamC_1683.jpg,2018-12-28 14:56:56,10,train,4,6,11
CamC_1684.jpg,2018-12-28 15:06:57,8,train,2,5,8
CamC_1685.jpg,2018-12-28 15:16:58,14,train,9,11,16
CamC_1686.jpg,2018-12-28 15:26:59,,new,12,15,15
CamC_1687.jpg,2018-12-28 15:37:00,,new,16,16,16
CamC_1688.jpg,2018-12-28 15:47:01,,new,11,13,21
CamC_1689.jpg,2018-12-28 15:57:02,,new,12,14,16
CamC_1690.jpg,2018-12-28 16:07:03,21,train,8,16,21
CamC_1691.jpg,2018-12-28 16:17:04,,new,16,21,22
CamC_1692.jpg,2018-12-28 16:27:05,,new,22,23,24
CamC_1693.jpg,2018-12-28 16:37:06,,new,21,23,24
CamC_1694.jpg,2018-12-28 16:47:07,,new,21,24,25
CamC_1695.jpg,2018-12-28 16:57:08,,new,21,25,25
CamC_1696.jpg,2018-12-28 17:07:09,,new,22,23,26
CamC_1697.jpg,2018-12-28 17:17:10,,new,20,26,27
CamC_1698.jpg,2018-12-28 17:27:11,,new,24,25,25
CamC_1699.jpg,2018-12-28 17:37:12,,new,24,24,25
CamC_1700.jpg,2018-12-28 17:47:13,,new,22,26,26
CamC_1701.jpg,2018-12-28 17:57:14,,new,23,27,27
CamC_1702.jpg,2018-12-28 18:07:15,,new,23,27,27
CamC_1703.jpg,2018-12-28 18:17:16,,new,21,26,28
CamC_1704.jpg,2018-12-28 18:27:17,,new,26,29,31
CamC_1705.jpg,2018-12-28 18:37:18,,new,24,30,32
CamC_1706.jpg,2018-12-28 18:47:19,,new,28,33,37
CamC_1707.jpg,2018-12-28 18:57:19,,new,30,31,35
CamC_1708.jpg,2018-12-28 19:07:20,,new,31,34,38
CamC_1709.jpg,2018-12-28 19:17:21,35,train,31,36,37
CamC_1710.jpg,2018-12-28 19:27:22,39,train,33,40,44
CamC_1711.jpg,2018-12-28 19:37:23,,new,34,38,38
CamC_1712.jpg,2018-12-28 19:47:24,,new,32,37,39
CamC_1713.jpg,2018-12-28 19:57:25,38,train,36,41,42
CamC_1714.jpg,2018-12-28 20:07:26,40,train,34,39,40
